,label_1,label_2,label_3,label_4,label_5,label_6,label_7,label_8,label_9,label_10
theta_0,0.057683152723582265,0.012245433288575802,0.48629948544663404,0.45171693595593676,0.4202665451350981,0.23766982463342412,0.04465276175202337,0.40595176730398985,0.3235871486187132,0.07235262716180385
theta_1,0.4341501408528094,0.27001270489139184,0.33681059559946025,0.09425198375336769,0.4584451198127491,0.32018008820134636,0.4035815956359067,0.4563724691501452,0.14103198859326288,0.11502060687780852
theta_2,0.24104998675609268,0.3220407390312655,0.49157828615065363,0.331880855770944,0.3865241110840988,0.2574930558987019,0.05031073205965503,0.22593269634626567,0.4614352876806119,0.27331858816826055
theta_3,0.4483112633282127,0.10805598635874587,0.13630389296213247,0.399153881025733,0.03782971737140051,0.4420012130183765,0.1962290143250581,0.07583975585655471,0.005171503205414382,0.4855778292877586
theta_4,0.34086372266925974,0.010811242540605613,0.16572795371844193,0.4595880957129461,0.3455335881631684,0.4522120039831614,0.38655793237138225,0.4250017763003939,0.18157837622388723,0.1697557805902781
theta_5,0.180857819769793,0.18227416739168828,0.26243472065131146,0.38280219136041455,0.2069616682747069,0.35676844706614635,0.31476639528970685,0.2906003210732702,0.15709785390110811,0.08744338771670221
theta_6,0.17298911514661713,0.306891630531599,0.23148383241184903,0.1254318882721361,0.2642489198578274,0.24054662161302007,0.04306295168479541,0.3123398718099836,0.2089191940142542,0.05110625677918009
theta_7,0.27153077285834976,0.2147572636448998,0.33161424704497194,0.058121475450858336,0.19029384344987918,0.2993098375053635,0.34035632150185136,0.20488460047950716,0.2255791831444458,0.034414767268677454
theta_8,0.1493571247487089,0.4183360558478971,0.15295220614536165,0.47861158424955086,0.4489441108749853,0.04998926808177315,0.4346039858843776,0.0038315361405571956,0.20002154132572778,0.005384550929863381
theta_9,0.385271662637552,0.32244065121291804,0.49305522692239473,0.4704344450165803,0.1911054383254346,0.42023536094613767,0.1560596128863122,0.4916721278036537,0.3911341442566198,0.17341470462704694
theta_10,0.43478177900658244,0.34012243662001973,0.4603424480641772,0.00915917907957037,0.22149239534043838,0.16353428557797361,0.43467372247010533,0.4679427287480326,0.24245636253724437,0.14961442614863962
theta_11,0.17597834809162688,0.3534873366981422,0.2732312028015872,0.39243819010688363,0.3930091904376215,0.4625779178344785,0.09422828178122464,0.36961956015290126,0.1747410377273289,0.13199972936138687
theta_12,0.43582202216758453,0.0697132935089445,0.0636423161654911,0.3932718527773966,0.02159254040101122,0.4935141694572245,0.3716789961944129,0.40937747085968795,0.17975273285983695,0.41269888403334765
theta_13,0.17929796082803187,0.4424548678911907,0.3376993384862976,0.22258927652428856,0.20003426479606543,0.40936109966597367,0.47363914005110636,0.08401933824172263,0.34279930027894023,0.14647288889513088
theta_14,0.04362585442792832,0.0862414359441106,0.18087512097808944,0.41718523541994307,0.23294051778583477,0.23627877448043183,0.21824674205130698,0.42611399525369614,0.05700495024393658,0.029733541604004186
theta_15,0.45088069731572267,0.12834399727945395,0.14615916173768273,0.2775553813364155,0.2549729027902379,0.09974285981210755,0.39420326680645607,0.17396763613564897,0.18376965769229486,0.12051700062982974
theta_16,0.13180803938737853,0.47835623835425706,0.20040300933309935,0.11332354349266102,0.2448167443779146,0.011448657002240542,0.2688226233654002,0.3393136032727908,0.4756444753987865,0.08367902807241488
theta_17,0.4419883731608349,0.1349818251870024,0.04632851251294939,0.27451310282341296,0.4902827033042335,0.18574048991129855,0.1153570231483957,0.0602431558007793,0.4483407967494899,0.019010882515938663
theta_18,0.21767455420355505,0.33989152777793186,0.2374286890513258,0.23267389619191342,0.357364478896791,0.10126725320284617,0.4309131003565373,0.4022477756124671,0.23126390680619266,0.1917461552737637
theta_19,0.48820921979512155,0.2727991983354838,0.3456338340245915,0.2904640615218484,0.005211950336174831,0.3511876433920704,0.08356929482497938,0.0829710833389497,0.1934754587265447,0.014321467030917412
theta_20,0.45909957477105595,0.4248878774336159,0.35339408192457955,0.4205135589393929,0.4385615401573237,0.4584398958807512,0.018905758804568795,0.4958796157645089,0.2269356897604795,0.40158959934378785
theta_21,0.02675760652260172,0.2451007530401331,0.16009280274876034,0.2991119558674233,0.10970542832833823,0.337066213423452,0.4551214725534307,0.13982852786643135,0.2758185440436184,0.21321253709502863
theta_22,0.046526980107057594,0.40212764569151105,0.3431214946179529,0.3686619754935761,0.04537735600716206,0.25924950798749563,0.05757294212845536,0.43363539160184134,0.03435030701281495,0.1901371614232701
theta_23,0.3169554088984333,0.1703857865340308,0.4444321004258567,0.42816310488006104,0.1568912873308728,0.4284653492484201,0.3667394694890398,0.36562470562165006,0.004790763291954231,0.35636062832146775
theta_24,0.38508247215369334,0.329875403072628,0.31029547403747154,0.142821048392911,0.4882301686824883,0.13657507496979107,0.22795860353760436,0.07425195749923001,0.19171430179780843,0.4092132073959393
theta_25,0.4076061264322363,0.3539545731851702,0.34762596401186635,0.060715762926945145,0.05109233646449493,0.271865820658141,0.2343063974976613,0.09240781289878455,0.3521568697931323,0.03712794083764416
theta_26,0.2655815291791077,0.32767438827243994,0.008424443181058557,0.38435510516075877,0.0881842194105386,0.45759116250077586,0.027124285756173,0.1717218779992036,0.32021455694579504,0.3666908513323536
theta_27,0.19573707744781849,0.18466076307300905,0.2932274658357875,0.2237340055060128,0.06877861584601878,0.04144982686885944,0.3650214472977918,0.1250898475060008,0.05405578990742557,0.448517339599713
theta_28,0.12757770356551965,0.3747914437538499,0.4858305848586781,0.40803304533598306,0.08886673221459115,0.3315521323869807,0.369816081993275,0.41716078960133735,0.15128167071157053,0.4030656177493138
theta_29,0.4436705559900233,0.43569060268681464,0.29894195222305403,0.3451468828670552,0.3201933856064272,0.4439042769988763,0.41014795082195665,0.22657054042859115,0.003135841778853963,0.1754211142853957
theta_30,0.3753372908117117,0.004478600897502891,0.16166048249270268,0.20115558586096666,0.3721775891956189,0.20869972225343925,0.2709052792964386,0.27839974350709085,0.10678260712165558,0.11101874316366515
theta_31,0.13775210978463387,0.30505637737346236,0.42329014189339964,0.08181789556963773,0.3928703445942768,0.4943671200695817,0.3624864093205568,0.13012563673075064,0.3108384063026503,0.02838740296334861
theta_32,0.0339113397297888,0.49186786659908144,0.2222781699513648,0.2954350316740119,0.1272980166383561,0.33832707527888173,0.03631147934341049,0.16511793321005916,0.16337015578126557,0.2500799369507652
theta_33,0.3146848964122339,0.42371570907275563,0.09862485810507493,0.17268727560674305,0.27936340568230555,0.035510021485035986,0.2533651962905822,0.37392028367113644,0.3350867728923212,0.463869576194084
theta_34,0.21560871407885965,0.23521785719567884,0.36892788106502344,0.17112153422497176,0.36159520104890813,0.0010839878335689372,0.011516496555819832,0.23379080043465122,0.13442736165243335,0.052340264876799075
theta_35,0.4066844398099332,0.2757413722158682,0.45547102224929664,0.3597265473748029,0.22036535485450348,0.3988139989539693,0.0677126192395441,0.40671545163046363,0.16234520467374908,0.2526928821259698
theta_36,0.4801861348994514,0.3959979725254424,0.3318689216147414,0.4787145377948327,0.10124657693308174,0.3576055026915813,0.45999357085267945,0.09861133212823789,0.06699336652252405,0.2799306788969698
theta_37,0.2924404214282919,0.10232594935788607,0.06064214748961119,0.17585175815756315,0.14595449764366134,0.3210926375474846,0.2768941998535703,0.36707686604367207,0.1499542145001717,0.11420268810072268
theta_38,0.18769956555930242,0.3392221447656251,0.2832267193412189,0.2768098193167166,0.05504893269518701,0.2763977670450063,0.18949134243609644,0.272649399350208,0.17018068637381736,0.03465942542992613
theta_39,0.09281354698612254,0.44450633951092605,0.36823871579719486,0.38142677760032695,0.13464716929033382,0.22739307645208945,0.0898821757678878,0.4140481941828919,0.11764221689277664,0.08337030134752173
theta_40,0.07046094374945712,0.3506234069381585,0.09794988376987117,0.2972030132469214,0.29728126901353064,0.2628372074011982,0.35607208538809637,0.3047766387948162,0.32011920372673497,0.05359509767173311
theta_41,0.4262846844604945,0.3383845116194327,0.08379469232511655,0.2935997649991405,0.4483348325494791,0.38150981773190296,0.33741421269474015,0.28180037058178864,0.09453873751541594,0.15314054884637204
theta_42,0.44434025956415546,0.33605719277938,0.1941314399809394,0.04601901445914226,0.12627597943671384,0.21392510723084543,0.34041869037860206,0.21513632342376102,0.25658872120422693,0.22209379313072175
theta_43,0.44237645464808595,0.3610618530169559,0.4382622798182785,0.20494239108803405,0.13707375309605546,0.056733321333388154,0.2805697557845053,0.1611265062220981,0.06962655187686828,0.06495697173442488
theta_44,0.07338547414409967,0.08808588593790828,0.13882852196697237,0.04901079228095221,0.36963637342724176,0.1303394000883738,0.005687579474827746,0.14858350493173342,0.16963758414187755,0.15366478198990136
theta_45,0.13499643546463913,0.2847102924321357,0.14798266770603258,0.1357074590717684,0.1686093849316612,0.4259622623617654,0.16812616952366607,0.28267143561393376,0.278618353181018,0.22934645856559696
theta_46,0.3407501271204628,0.30710227831992787,0.05868566040369631,0.39912253405235704,0.03835798149304487,0.10282076614781464,0.1509949762336384,0.45573043415379577,0.4032012834605569,0.12341961832992114
theta_47,0.05927500220123882,0.24643705775785246,0.08713941853963712,0.12229397318037082,0.22132902431426246,0.36613727431855464,0.3624651335987024,0.45907256905905747,0.12115853251253773,0.22168034159279967
theta_48,0.0335595582472662,0.2626308840286928,0.3316571277387867,0.10518064451874834,0.379383668121825,0.06497705409427665,0.32919392793362845,0.462594811043436,0.12891914642667782,0.10391536451375391
theta_49,0.31902373822150026,0.0668780413383617,0.33754003727590726,0.46199308054967814,0.13413405302934905,0.4343590070464145,0.2992700808919204,0.4387935035804545,0.26409939760645096,0.48425398562999833
theta_50,0.32232741437643414,0.3188051114098118,0.39230324668122174,0.005406596018594951,0.23832868627795736,0.4315996698546242,0.4492679755971706,0.22159688458809215,0.1766619736691791,0.1792955102553035
theta_51,0.007004512157095732,0.16223903836005352,0.20767743399414898,0.26725750996744096,0.33096386809307254,0.421797392448486,0.18145613089180632,0.10831212443800962,0.42855855510247515,0.2415912382055915
theta_52,0.4360678457610858,0.458127678063866,0.5033587195801368,0.06643924292510066,0.15764201861541893,0.2956759895370103,0.2719902772109118,0.36383468476788494,0.03151973284176288,0.3118556706757241
theta_53,0.38305888809585564,0.1946950974077238,0.2914414114591109,0.30796776815162313,-0.009201762261142976,0.01827338849867018,0.11628322652919727,0.4344551047890991,0.4618636534497522,0.14159220498777336
theta_54,0.3025995504724131,0.21430468728281,0.052162163980913334,0.05765028824702251,0.40870555917640256,-0.002787296129189065,0.2969506492406816,0.2173952144748572,0.3035022927777771,0.05309398228008481
theta_55,0.23585131184529476,0.13935597085919366,0.46146556639425984,0.38719083826014883,0.3125456475599977,0.15222804947876764,0.36282704190213855,0.144984965760688,0.18407594041354877,0.00025148870374677235
theta_56,0.20201951001238067,0.22660312695082044,0.42286952670286554,0.025232288870406884,0.47180998767731563,0.2536962106197752,0.13281519931378502,0.29519739072338014,0.40839667460904927,0.17288177393713552
theta_57,0.08279947986270669,0.39867007687436085,0.4586989031655477,0.3435652220982135,0.41466486026293164,0.055869257375917976,0.42554916909862234,0.35797913673923554,0.041103724655912506,0.04708118302329985
theta_58,0.007691196847427956,0.35680302482762777,0.24686252302955183,0.06586876233212906,0.35125175736726894,0.24456357813861032,0.14538780480353627,0.44966215652310826,0.05868428595911956,0.37201168689985675
theta_59,0.27173324039128416,0.17050841785982868,0.45001861629808526,0.0030960739973765567,0.35421306212660303,0.08804165310392673,0.3809997290150308,0.4045113154009942,0.4649702789061006,0.21193954606796966
theta_60,0.47895287248758484,0.286791906076979,0.015290690545246333,0.318131150691583,0.48702153579356905,0.0003767998655724511,0.2695662859952208,0.1730305185349791,0.4920004236669182,0.4319588979938019
theta_61,0.40871841789512403,0.4962059102126815,0.0412769328642062,0.1995209607573773,0.27681586932000374,0.142800546719067,0.27817986928231253,0.2834253552608064,0.13558217480537577,0.10072753512417518
theta_62,0.08242449008831279,0.24079679988923414,0.3003786304491746,0.29429202037701596,0.2792445887999236,0.4008336732014317,0.4103875738964361,0.3272437151457926,0.21445212007850686,0.25066641608288454
theta_63,0.1553754783278712,0.3847540010113764,0.026152883963003536,0.0997104577797059,0.31167807774087175,0.1655304354680375,0.1379116318650242,0.042307244560734855,0.03001699915482269,0.4216433409798233
theta_64,0.2887429132217809,0.27952893399560064,0.3294400155134214,0.1506829421981307,0.2985073900538946,0.18825166773751414,0.43409351543883995,0.2535265075475606,0.08890009454972134,0.3665163508411451
theta_65,0.1024556649443935,0.14818695987587438,0.04993067238155898,0.3113057493798257,0.3148504115886553,0.19319721825695843,0.08370219822939602,0.38533342359200257,0.15662759707242174,0.2315902715992009
theta_66,0.07956230626178579,0.24424249938177947,0.3578079693315941,0.28312410955364486,0.24797369305793127,0.20169242668791315,0.22103124108277325,0.2870282341002217,0.18192637048654817,0.23398509959828925
theta_67,0.23691670886696425,0.4202604170939638,0.028556825155689487,0.4079750923578809,0.2475331826346818,-0.017011332969726702,0.07480897194290985,0.3773137401234176,0.28982396694793816,0.17519942806983532
theta_68,0.2678650237379415,0.0636838711154262,0.058977825987139895,0.24653337166166872,0.34532279457547277,0.2571467234516064,0.3682648134780123,0.3072513443856471,0.34370638833502537,0.06358024860711818
theta_69,0.04161037191250084,0.022962462725602047,0.22321775917169612,0.28247177568943976,0.11996131193323074,0.24164773057121283,0.0653925451129695,0.387226183183171,0.2186039404672771,0.338329128211067
theta_70,0.34496232607562805,-0.00955312475874279,0.15950138183085524,-0.01484976024928504,0.0996045759522835,0.11309349661521925,0.40641945746349184,-0.07406329473518836,0.3098975632258207,0.11355559818093205
theta_71,0.28082083847033046,0.3458028966906516,0.08318329405307237,0.2417921038262524,-0.03889460865360167,0.2461050577567939,0.08582945576184137,0.14164753654488985,0.18722406303259384,0.017748947462108432
theta_72,0.29075542976326046,0.1270494171237995,0.15223981146519386,0.048728573247637366,0.20849059439001325,-0.07455585348313065,0.18352792052975397,0.2504803577088919,-0.055752923724747515,0.3350520826189306
theta_73,0.3547239757598226,0.40972387820670836,0.22856993151374727,0.0057923812580690315,-0.009192453391352485,0.14640278048952304,0.22983159613221218,-0.07337830024369585,0.0055497048085658505,-0.025485225114011693
theta_74,-0.021148470921426247,-0.003623270950101063,0.30265550015419934,0.12992956123678864,0.31831082918739434,0.15265924719002438,0.2599593658721321,-0.11187147508295073,0.2557386119157103,0.051734041383828096
theta_75,0.08985491535590702,0.1884377515187711,0.10761552750744655,0.009899596421741047,0.15651339041580134,0.14863210681202788,0.026975386744100334,0.06134432202026415,0.35688028504171165,0.016753706403179695
theta_76,0.37350833725545424,0.21681684872442417,0.5230784225571667,0.19979272094762937,0.2903324170978674,0.09851245030945997,0.42321853233097434,-0.030370178570866203,0.44792646026921806,0.2923854847699979
theta_77,0.16529150281055124,0.44584388175164386,0.24170471400606555,0.08752107192356157,0.3821336927173705,0.28013524033298753,0.27587413531397853,0.1742239658173554,0.20488417544905596,0.06797015378197958
theta_78,0.19680007090812102,0.1975197733785531,0.22445591194603706,0.4809501335082638,0.23044210238851504,0.11226524161334077,0.13512744768298462,0.15873735182503587,0.4602458657413118,0.3293945110081081
theta_79,0.18474607045032296,0.3704309929025624,0.213071502283506,0.364505235231717,0.1612574333078636,0.4333874566447532,0.3405682759938338,0.30009029281703276,0.43244002635564,0.010820425353241007
theta_80,0.06722932041579478,0.45208688226702204,0.058958973936480794,0.19992152105673036,0.4404173301888008,0.1335711688792798,0.3907938805766655,0.23937009467288542,0.4013714679788235,0.25430273772588224
theta_81,0.057028983386006336,0.043555226537537205,0.2855111385323894,0.10226725698279743,0.05812010816815522,0.08815258450731138,0.126487469853485,0.23150239771365114,0.3688663231231271,0.2870184195520191
theta_82,0.27996411828361156,0.469253459092622,0.46352757775180564,0.4960691454144691,0.08607656969068031,0.2669242219510109,0.18667024307239655,0.22257070881397462,0.04564158476221684,0.3556543906668447
theta_83,0.2518807875379943,0.1860120655093965,0.2539189211210608,0.23081253521555234,0.38234416463234944,0.34523962833912275,0.11824768675551368,0.06521527407528727,0.1566606797338947,0.1986014189438191
theta_84,0.03188755077941894,0.0343934868478165,0.18077726809279537,0.3530978947606329,0.04428503960568354,0.19991329515533096,0.4235849845948651,0.4355417846856888,-0.04719372860328187,-0.026199108299298567
theta_85,0.27961122890047935,-0.025313732740893727,0.34031448407516657,-0.005615503162520693,-0.03269854033187604,0.26960036929999154,0.08680270501387513,-0.03737024091108952,0.12817028195711805,-0.028479011093573293
theta_86,0.10545416151866326,-0.05579214764219205,-0.06795192406774082,0.25180317817644693,-0.003806555786781669,0.2953562637078309,0.205886648536662,0.11764276837357175,0.2877177184623422,0.1862468842319237
theta_87,-0.10867593177491734,0.11009532661525953,0.30271914222409024,0.04326902583630102,-0.05296205252767228,0.0013294268413345728,0.15632363922243525,0.28086516324860666,-0.08788163623810953,-0.13602350802659552
theta_88,0.23545615032824263,0.13946433049794135,0.2544034364535091,-0.05271250158043997,0.15685886496595824,0.2387065444723773,0.3350249767697383,-0.036118174593970556,0.07333457752238025,-0.11373887464307236
theta_89,-0.04073002998681344,0.015281711253815668,0.11334309288873524,0.19990975330618227,-0.0944690068899384,-0.003658789218606094,-0.07371018737400342,0.1654230186340765,-0.012450451790881696,0.1886344410174467
theta_90,0.007779918503075007,0.035101993933275344,0.12948006767873624,0.2872498079577035,0.2526375470336143,-0.009573356663090265,0.14606582486506384,0.07548047004047218,-0.027979192756905975,0.01939773983368892
theta_91,0.2112737734442869,0.1616012523994948,-0.053357398274674145,0.0902709504118878,-0.03971828896752762,-0.23354104190117175,-0.180009017781806,-0.17217318880103027,-0.21410056232742067,0.3260983908005953
theta_92,0.1645989055987725,0.32557744301932345,0.17852162213992184,0.019030097117744213,-0.0027944652819512474,0.06155869601934874,-0.1260265571514037,0.11008217902778793,-0.029504582938918257,0.35179176827611974
theta_93,-0.08418826634339491,0.15350626132128262,0.055418071853919504,0.07399527054331173,-0.11369685221584357,-0.16420981460430714,-0.027840155216856243,-0.2034740447437656,-0.0942904879382324,0.3386878115422332
theta_94,-0.21899732174220468,0.0004780619053606607,0.21482605465596777,-0.002617281870519611,-0.045583741152093155,-0.24027127329561077,-0.1377530282942455,0.16122670345602338,-0.09307032320709731,-0.060856181057026316
theta_95,-0.016307978565149615,0.08437663374689705,-0.006868813223458885,0.2548743042968039,0.014387269662439132,-0.015622604562282661,-0.06418316743748896,0.1879087499509779,-0.09410733096827593,0.04442749402514554
theta_96,0.2828169645110079,-0.021891616442855043,0.2001886365777903,0.1074915256318667,0.30356842527068967,-0.08932829314642057,0.1989088787310979,0.1798965762151174,0.09581983259672824,0.19387265143860777
theta_97,0.30581280445904396,0.40437082290117593,0.38804365563969073,0.15556915534200141,0.015062867330876676,0.07191617596712639,0.16234954728094836,0.08294855121864185,0.3742875946655498,0.033350436029504174
theta_98,0.23437833461379248,0.1118261666515582,0.2827046223818734,0.06032633756063725,0.44359041473979066,0.14089086890403743,0.36315007039049446,0.3079912700530613,0.44134904650985457,0.2231502033878075
theta_99,0.258271449070166,0.37922400588607097,0.28079089865883583,0.094603313299378,0.29605418006734663,0.43068305644763566,0.3657548057380233,0.28515579807212293,0.22108746233606416,0.0189220819824002
theta_100,0.10814149940752162,0.39522825454512756,0.30323813266378147,0.3409217803446256,0.439470258301153,0.1529365817065326,0.045200417953996055,0.23813905020445558,0.39415161936514487,0.03606065860890735
theta_101,0.36070914954399963,0.3492268617943635,0.19807626495008812,0.14970767965846143,0.35833585259180045,0.12237938618363031,0.2433072473963139,0.29722944623883973,0.2129159831418695,0.09540652776065649
theta_102,0.29438561080253506,0.3866751827919128,0.3074335458024016,0.010967366075490741,0.45142008791889243,0.4197947228123388,0.24786112909204314,0.0958530829971203,0.0035774421574333685,0.04042960623780608
theta_103,0.031397131097916454,0.40442542370348883,0.2716659593586878,0.008669031656946397,-0.03513324010763356,0.03267493123132881,0.39725125949302936,0.11352266907146392,0.391742889817199,-0.017961971088880004
theta_104,0.052510096770864725,0.2967558870808186,0.026238750696441826,0.1642812813850055,-0.006546264420639976,0.2852395609445484,0.0021309682575336316,0.09884332920255369,-0.06968136521467343,0.3141267400280649
theta_105,-0.10437175743099102,-0.07688706746730957,0.15151224780490344,-0.031540885117325536,0.2886065737677317,0.24594497765190151,0.10840241445510494,0.1341810042615571,0.057891435046109864,0.3050192929829864
theta_106,0.1241653964996002,0.0029889502137271516,-0.02639358933123236,-0.0022439223087308197,-0.19979849115650422,0.022401480446414268,0.34154152003872473,-0.11803569880157135,-0.09926982119953343,-0.21041166634747988
theta_107,0.12202324355376062,-0.32352130188225164,0.09627485422770479,-0.1465289296442974,0.17255782352092663,0.0066023188466682115,0.11133914318610284,-0.1242711211868465,0.12470902532808865,0.0873322002556754
theta_108,-0.011240860112265444,-0.07101610769828161,-0.23438412727334196,-0.02477186327689064,-0.1342709647821711,0.12759695004857965,-0.16083747021346825,0.11581809289971352,0.2152954169408127,-0.07942966164620516
theta_109,0.05955405752492112,-0.28595312401032363,-0.07343305497210495,0.09768238547879748,-0.1245886840948677,-0.03421811785740704,-0.21083374166373517,-0.2589815685071323,-0.006667551695661761,0.018747831766179772
theta_110,0.13430427020578975,-0.2513005503485158,-0.115945792984513,-0.027384231113803843,0.07304136863071438,-0.25600405715089103,-0.14954351880925426,-0.2636870544851501,-0.16338927693819194,-0.035289954593005414
theta_111,-0.23528133431706627,0.005731851250793553,-0.07517953335519713,0.19834042144013098,-0.31457242899147725,-0.04284601754996602,0.027785289991308682,-0.22315951646008608,-0.11752741155713767,0.040604881302171575
theta_112,-0.1255285784686884,0.35741578278050995,-0.11904619195577311,-0.18223268292361672,-0.267505330021732,0.04608037175554124,0.12702470215701586,0.06979353163007544,-0.013260625555628427,-0.0012049026843186177
theta_113,-0.31589022263589994,-0.05270967897387777,0.08515957377004266,-0.12279318498306417,-0.14012022866158272,0.1839332111850052,-0.09659398607250613,0.033119014763494,-0.19706409386483473,0.07134225840377101
theta_114,-0.1182971830647496,-0.0007751776268755309,0.08918747234058642,-0.34850916978980545,0.10566921874999942,-0.07733606598777877,-0.3073361162539874,0.03713493223254328,-0.08738360856204139,0.20644156495258045
theta_115,-0.10082931087649978,0.34208520993343894,0.2712780074391006,0.042165375704546114,0.06121334674100795,-0.10634611292424126,-0.11127438361854804,0.22476916596787536,-0.3176671131289057,0.12422768422627377
theta_116,0.049670587353783865,0.13520415763405083,0.2067352319783258,-0.017301263593896932,0.12269778351582612,-0.19224745555901332,-0.062066873187120196,0.008456084861126922,-0.1650904169368967,0.048343772032971646
theta_117,0.23775752009269346,0.1725391394821728,0.4412244909197661,-0.02565433780910496,0.015415219884247832,0.1188211672393698,0.3183574564233633,0.25201219169092703,0.23107035633634532,0.20887202976385674
theta_118,0.45940929109778117,0.0571602283071114,0.017964796528788383,0.0029787608666594256,0.20239211647440583,-0.016406279316419713,0.2715435881462669,0.09745376421055923,0.2649504259883033,0.14532392044802575
theta_119,0.16863974766725495,0.46008059197936646,0.1995155806735403,0.135512727950843,0.026785293952462826,0.026993162655120844,0.21663881136290586,0.2465362908440674,0.379438231146661,0.10749307512813469
theta_120,0.15902224158548584,0.27515034509389874,0.15045854634414196,0.1757533037372727,0.025303240024544437,0.08606148974191626,0.3803970674396488,0.18499498837625677,0.3407639457384166,0.08015467718358592
theta_121,0.256057367777256,0.24647835928583847,0.38758376219918395,0.07272752150141687,0.4562970989639729,0.41104573067050315,0.134130864770418,0.20570149327490023,0.3145688148689045,0.20636353576757377
theta_122,-0.011029891926681305,0.2160640531755386,0.4448323399267364,0.02898337989012143,0.058950071431313714,0.029830250751941012,0.4132258024553026,0.43917310733061005,0.3623031577023442,0.22404785227765472
theta_123,0.16754211946690714,0.22675334648853143,0.37612771546615614,-0.019290207990477586,0.32195302025782657,0.22912221299449617,0.00289522330241597,-0.030294924353880683,0.11113893412815612,0.32202238287776164
theta_124,-0.10341445863238834,0.03746123213827771,0.06401275329534656,-0.1084033417022293,-0.016293937044583314,-0.053774225365330205,0.22629665291410045,-0.1395829650957189,0.12079281946898048,-0.08563253853009152
theta_125,0.0672652933106761,0.009085975875666886,-0.029901579432659333,-0.07366886127973472,0.07475415358476632,0.11104555683078134,-0.13503415650217848,0.07845517440955121,-0.19346358774901087,0.2200045513302247
theta_126,-0.03920428774676108,0.12395401550651465,-0.18250690669518943,-0.14196424116513703,-0.27506124336770343,-0.18414919942919367,0.331399346959735,0.04951942782953598,-0.24867911750469912,-0.23224142886602614
theta_127,-0.07957786816770485,-0.28065797997889735,-0.10481144627282983,0.10740396974469678,-0.18772375207943956,-0.31184540053485665,-0.15333472901562192,0.1353400687068253,-0.103306169030164,-0.13680228032120406
theta_128,-0.39073182380869725,-0.13820545413409543,-0.4365867052244745,0.13563334517196307,0.01284282911726207,-0.25826228094941567,0.20144133254455687,-0.33104173741691967,0.17113054658493052,-0.06447932666987054
theta_129,-0.19227177730253045,-0.4398295578385958,-0.351896695523833,0.27249789127361956,-0.09324303130632854,-0.0036162028278570717,-0.32006230773762934,-0.1282572941845834,0.15634340134063815,0.17141389419418218
theta_130,-0.004316363977464348,-0.22999753459294944,0.08447438635321289,0.008782832660629658,-0.018733974316936842,-0.1767865136541269,0.02782490055974393,-0.20723934985964135,0.24213160011476395,0.27126145889480047
theta_131,-0.27130973895437044,0.009759810901564076,-0.2740679290520625,0.2959187182669309,-0.07497822508096598,0.344648784343361,-0.17326624780415348,-0.143321034498013,0.17303288229783156,-0.08498481413454255
theta_132,-0.06814656621933264,-0.10889159114443384,-0.159074942864852,0.2852733878689306,0.09118317745710816,0.3709635042139462,0.05398121867530775,-0.028259194289199523,0.11508109711701944,0.27834259214122836
theta_133,-0.18640362500234547,0.05853139876617439,-0.05694888627057972,-0.31600070218696075,0.14319730228270927,-0.049667445159247016,-0.07876258253986745,0.17504820787190975,-0.04164990805721279,-0.10695910968697032
theta_134,-0.24715385423227515,0.2455966940167644,-0.034907925891573655,-0.22701511030174665,-0.2433190449721942,0.15809152483634953,-0.02790104253530623,0.008799168841630801,-0.3350340826249916,-0.018787637305261836
theta_135,-0.10538287046065307,-0.18806673228750673,-0.054691074397271174,-0.14806509271460067,0.24161474220446086,-0.4965482248564259,-0.15104343721635186,-0.09131438212151113,-0.3872831011756655,0.07190844817127219
theta_136,-0.06336803492525028,-0.2057282957595309,-0.025696003892090657,-0.1673351240299547,0.054664350440788476,0.02697888496713977,-0.2069549028096673,-0.13908246672598207,0.05720465198179342,0.18507503606378017
theta_137,0.2677598511046941,-0.004074358900467638,0.33371998799890557,-0.11240253451660755,0.2901215944688223,0.024533314085214152,0.32975547649004194,0.2919816701007567,0.24699764174062824,0.22003926642778868
theta_138,0.27219120130997876,0.40510383287438034,0.15849812065148125,0.40080239346690166,0.4368179779230886,0.09770084989910376,0.2900820522793838,0.27488452546746306,0.2886475480385859,0.42694471480526996
theta_139,0.2440556354521858,0.4275372780677258,0.11437053388197868,0.15973074850956517,0.3632687680638099,0.06982608127883647,0.2581239542278281,0.4421660752276104,0.13533238206068235,0.14515898761785373
theta_140,0.13750233769340614,0.3889054213535352,0.3750740808517879,0.021118261154616836,0.37928143670851616,0.4843807474679257,0.3734430862911496,0.1052649020379407,0.05806595028226072,0.31988958889123664
theta_141,0.02677198815550032,0.2753797860636755,0.1729235775228598,0.3520318901933314,0.34746916319725585,0.23732776528814511,0.2907255408903927,0.4037806796427639,0.09175567458285086,0.32089491057488817
theta_142,0.10247519427455251,0.1644692163777977,0.22388500481665766,-0.017493408892661065,0.41119107386341885,0.45715044774471675,0.05755026390119964,0.36727636404641856,0.07534341033407657,0.25772560500581054
theta_143,0.17337916871976763,0.17660240009826664,0.1698647007982933,0.19137502440538198,-0.05366054697468524,0.2632464508597965,0.027730692188347315,-0.13059393792762836,0.028809801092915484,0.26535767260351084
theta_144,-0.03765965249394337,0.07480894631368677,-0.0034575076049036565,0.17545510516246798,0.11237216489980273,-0.11509207365407172,-0.08855286772063894,-0.2123974850903387,-0.31955876516104126,0.01258035196320191
theta_145,0.03064650958580988,-0.22441298646127242,-0.09780849131603107,-0.004607034306029993,-0.22689059606607678,-0.3563813379544948,-0.09564292101982783,-0.16830193636081556,-0.29255726034634005,0.073197409447121
theta_146,-0.38666676374951,-0.09559031480523572,-0.07639199770632941,-0.003934300809082825,0.0683017503924498,-0.02621023828053179,0.06132179887811452,-0.17151583730216224,0.07087585092703431,-0.1928297864213179
theta_147,-0.17740195863689687,-0.2101981844855571,-0.41156057373252436,0.10639055028992093,0.03748497316189279,-0.05051896888531481,-0.01079379298365611,0.1927346816777906,0.2475879092123193,0.02177252391578862
theta_148,-0.03960806686476347,-0.059210921247443614,-0.02377482769214384,-0.07166319076947174,0.11235142670822186,0.058644936092869894,-0.31603163744660806,-0.048612817032144866,0.13918404227747963,0.162590809059101
theta_149,-0.0862982513420339,-0.4373785997224756,-0.2688166993931048,0.271288111282117,0.38985841542393807,0.2522872699145116,-0.3159634846941003,0.07366819748139333,-0.06034342399798788,-0.12300134474111142
theta_150,-0.4315970826322218,-0.33649217434985174,0.05165384595362923,0.07346718610790019,0.30471139446417095,-0.07447195121768184,-0.38139446031327623,-0.3863960310274819,-0.07362811579961635,-0.13311422369956766
theta_151,-0.33873382945907016,-0.17517264146085687,-0.13531421905216368,0.27187867171926416,-0.03747343037259442,-0.08126612434090687,-0.2274529960053467,0.06737573535436081,0.06271007704171462,-0.0889626515664914
theta_152,0.11692674717891842,0.17910983120350313,-0.38635050799606985,-0.04061840110299657,-0.20031136008247513,0.18356267902952952,-0.3051278463312145,0.04882303520715168,0.02088585314603658,-0.0976295540039993
theta_153,0.05495308555926416,0.21742878303508342,-0.07343894025113583,0.06422393371196548,-0.18001489777224855,0.0636120637923642,-0.27009769927189387,0.35066381683946396,0.06833061443880283,0.05398666161272616
theta_154,0.04441692295707336,0.22768335660655983,-0.021528558794583083,-0.022908925285480823,0.03987813522479203,0.22423185365716375,-0.3632614385964523,0.225740069981214,-0.2750041578299268,0.06048740608058558
theta_155,-0.09362308177204416,0.10604598805849196,-0.009564415615262044,-0.16151623977002683,0.07086155614631517,-0.06052700008695896,-0.10779757419688338,0.16997265845035298,-0.0406128957902342,0.1581163329539304
theta_156,-0.13090055265808423,-0.3023078093238769,0.28949467103837867,-0.3694076897218096,0.0694387345348549,-0.09002724449520834,-0.08336764648060088,0.18197303187808067,-0.1958998787905334,-0.047499361505688203
theta_157,0.007542791375547274,-0.16760308545633015,-0.027790927670516635,0.27022801767832216,0.2956863740142431,0.14118332331743394,0.0707637285114742,-0.02871265010065387,0.20372121619136602,-0.08726009804419846
theta_158,0.2748748892171311,0.0068689637243729285,0.4531017900096097,0.356284692243073,-0.024154230366793497,0.2732474285188187,0.42726453855523655,0.16853521525008774,0.31527415472358833,0.3267635455860011
theta_159,0.16570916219383103,0.0920785245510176,0.05505111487365538,0.13970541166121314,0.1134354504466984,0.26230238834852937,0.4378449785512494,0.4574230973729663,0.36198711032395997,0.10246208950530758
theta_160,0.38679763309925064,0.12504320479673864,0.14667011557310103,0.24701669523830325,0.4449275107767839,0.44673906107682715,0.18003543497856228,0.20503243014122297,0.004679568879479305,0.34234136599365644
theta_161,0.4187645514565361,0.19144664853003376,0.4847694595232416,0.47130871561293003,0.1818498709069536,0.20721281863723254,0.07288295118611912,0.40528552490652286,0.3597272642555759,0.44794983336849375
theta_162,0.44491438611773204,0.3259919196121092,0.3925999073986842,0.4178090387563093,0.18291688096638606,0.29174491613488157,0.3222028663826143,0.1398208897934017,0.06192632123505808,0.20207452465730028
theta_163,0.11945171006748946,0.15866750181587383,0.4443450490585907,-0.16999974447269459,0.25033751778432356,0.217188444781739,0.023689676277782786,0.10607807211786334,0.20687779936936918,0.1100315617663854
theta_164,-0.007095904321617,0.262639624188753,0.3909487962083689,0.11321720120814462,-0.21669917244738107,-0.08024422929559073,-0.15361095635664146,0.18104794575051256,-0.10205204470281345,-0.2506695643075474
theta_165,-0.4287971818896503,-0.1636012532722733,-0.054021721426564175,-0.349783253083304,0.06085575314107424,-0.22602784228284148,0.11009418465064304,-0.11448222992047857,-0.10087836859610506,-0.14950492846511904
theta_166,-0.174270561124271,-0.16410530583193472,-0.4248545362194611,-0.2800739938049048,0.07919957839183389,0.07533102773102109,0.16119749403482517,-0.0070572040860775054,-0.175678785972512,-0.1957187706943892
theta_167,-0.1261379316852505,-0.34811518485761106,-0.4976319106636797,-0.02021361545789843,-0.0992441899894202,0.0801696301006504,-0.13937732515225373,0.010701490128977744,-0.023622090516744007,0.020596787644202513
theta_168,-0.36246707231141945,-0.3426724251281255,-0.0773240873400023,0.2012340154456185,0.22913412215655546,-0.06082417332824918,0.05354413209799389,0.1664408653438614,0.07715258677277705,0.015725038478568553
theta_169,-0.16102339888406608,-0.11201980914819394,0.00750561117761114,-0.23404983638338708,0.11565191146025446,0.09593582875983198,-0.012242247663292747,0.3222118022070578,0.06490042774012107,-0.12628962825241383
theta_170,-0.35032438074301725,-0.17165487274540117,-0.17949342409321914,0.011965433996470036,0.05208356742342341,0.02014570951494335,-0.07434397520467277,0.18557582161155217,-0.1508487849005557,-0.07928604960307233
theta_171,-0.022015094038629186,0.223471888240521,-0.16581264998321887,-0.07683407212304826,-0.311615237692911,-0.09205232879482261,-0.29625178499325716,-0.1197637163804896,-0.06835544360324691,-0.3560145401597127
theta_172,-0.14840852652328293,0.323818335879228,-0.4219312355389087,0.16811404328367208,-0.34462310535089785,0.32676760001942023,-0.17351861973026975,0.3368733754047432,-0.008435078811511718,-0.000603600322968654
theta_173,0.29661970241402663,-0.09347751293478568,-0.35437607622157397,0.020980225865356993,-0.08917568297963496,0.38299094302008285,-0.049238044491041424,0.014124931236197489,-0.36785606939728416,0.026568002883539905
theta_174,0.14939909081252117,0.13584158294313653,-0.4702172107497555,-0.2983461937013933,-0.2900914811060573,0.3233473345969913,-0.16109232236688456,-0.36046639610966774,-0.2852837409634048,-0.20224334477706507
theta_175,0.026127794167666533,0.10132682891621055,-0.343980209479529,-0.22592022703296308,-0.07769156005734618,0.00506720999393912,0.04257498446326103,-0.23877516087570858,-0.2944969264237987,-0.04131711949618171
theta_176,-0.013583887577632363,-0.10949728434850498,0.1284101909667559,-0.3708585402494812,-0.11447912097357361,-0.2940454108179081,-0.1866930550077331,-0.05428304927014637,-0.16108964419712637,-0.19052443074564018
theta_177,0.10556588339112276,0.2080885290047937,0.021627496640234355,0.26941377254253596,0.20409644783539013,0.10707658056842248,0.007850411105649928,0.014393371661903685,0.06685904070590928,0.05490635745687502
theta_178,0.29323584290862165,0.08880277104858712,0.4527905768575456,0.25068303519585783,0.12246038110529232,0.006208587587806836,0.19835258336224332,0.2657625299084673,0.17052306689660496,0.42167810262307925
theta_179,0.065577013590926,0.04234804262407152,0.0782234967395064,0.03883981763159079,0.1492167665053649,0.42917808263620044,0.07270066457132882,0.45579025016598734,0.40459841901839705,0.4519123322434814
theta_180,0.3955467422571767,0.16427409769547036,0.03181346927754675,0.08450549871445527,0.34941435209939486,0.10918391756814638,0.20250815982440545,0.1143080289192406,0.38951102006696997,0.38462546900725625
theta_181,0.13454885985944023,0.375264911992987,0.26512157342927983,0.3871769007680584,0.004718921608615428,0.06985307639579008,0.05405656899984893,0.01486888758672974,0.29110020911788,0.05105206749193888
theta_182,-0.03695623028361937,0.39052467919230116,0.36889424418416467,0.025129528095073402,0.43009137806386566,0.13118819611662114,0.10744387721437287,0.1520330338917655,0.1489623661451059,0.24131373004904705
theta_183,0.05673361237998903,0.07666516037723851,-0.056451561834395904,-0.0819258367760445,-0.11102444556066604,0.16071864276000533,-0.053964895707044394,0.11969357733105393,0.14386792170383633,-0.11761138944635578
theta_184,-0.11828461662104685,0.2038702310344724,-0.03607180473085168,-0.256497380368545,0.029877944093966515,-0.32750887620644015,-0.1631413844922348,0.16158554437533496,-0.01966147593564598,-0.1407385069484952
theta_185,-0.2863416592283554,-0.12884248154101724,0.08072940904413718,-0.18032151564348642,-0.193094862384097,-0.14213185394496516,-0.14535058776079374,0.11251106772747207,0.0899977472030872,-0.1016560170705235
theta_186,-0.2765775550995415,-0.049983246048976866,-0.06713388242927949,-0.12919254277188905,-0.1977042420711777,0.105750015156219,0.11965491656592808,-0.03259418669753982,-0.03838196772917945,-0.174398050683744
theta_187,-0.045416965571947084,-0.18341740959813635,-0.03974998516886113,-0.2129250450056339,0.016630947023726764,-0.07496261581012625,-0.036432968711080864,-0.01701486184801547,-0.1748998471348128,-0.13349099035916542
theta_188,0.034378515189339806,-0.20726942059364406,0.0010839461435723152,-0.3549717805901498,-0.016061028763145534,0.059349288157486316,-0.00028343291583805916,0.013609419501119026,-0.3418323150305434,-0.026347878922387342
theta_189,0.19510974387228688,-0.30015043855962176,0.10360598959358958,0.0020163242994093874,-0.032289454468786234,-0.1653465609973509,-0.09039212419041538,-0.06071028852269779,-0.10323917214834166,-0.19993089953632676
theta_190,-0.0861962509270993,-0.2316973237405037,0.19214265402276823,-0.082915947386863,-0.22133934462383223,-0.29631425691442176,-0.5710212265234964,-0.11004223577695287,-0.2182944800065897,-0.5015525533168087
theta_191,0.24198474733472478,-0.16321702581691666,-0.15018102461703453,-0.1261762976407587,0.028038099030947443,-0.11543778727286692,-0.2553722222153103,-0.1127687239509848,-0.031141378942312337,-0.2876018192554905
theta_192,0.18791108518431035,-0.15415987015048827,-0.29129712383424794,-0.023473932673393507,-0.2947629823135079,-0.2084602514244222,0.0508142887535977,0.1531752023424728,-0.12656278383876476,-0.313893716328288
theta_193,0.3743317951556109,0.030389376230987867,-0.05801189175530396,-0.18445519991620515,0.0014238487912557809,0.08946018648049085,0.20091075525846278,-0.2865859160270248,-0.22294791734439126,-0.2685900145812085
theta_194,-0.1280415319015084,-0.16613405191798128,-0.38291939488442156,-0.306957675289044,-0.10427914805030626,0.07709189460431165,-0.1909020847066855,-0.3428068487015739,-0.2924321194551361,-0.16755444544797135
theta_195,0.09347082068414374,-0.35159005615042627,-0.16577040066170448,-0.11768181786954723,-0.032336284093948044,0.02131251859795284,0.03191774235574481,-0.30382822580483837,-0.2343718358410007,-0.07026567899377412
theta_196,-0.30533011739268134,-0.411360751193358,0.17384309129061154,-0.3198256914699926,-0.15456821211465913,-0.2174475485388526,0.026613245941393367,0.21748833760888303,-0.15774229470562007,0.036433940872648084
theta_197,0.09969372195829773,0.009783105229543218,0.15403524863820178,0.08402698500819239,0.08350756616037135,0.19643062749715184,0.20076054837330082,0.22139828707262602,0.15892358942884255,-0.01192177831632498
theta_198,0.3849242798704742,0.3016290325368466,0.10196219300571957,0.3527993343793213,0.09764458269187211,0.3826867167041827,0.3085582091968845,-0.022397681083596268,0.35284298616229853,0.4036750987022611
theta_199,0.48729177741562724,0.2354581319503262,0.32796032033693717,0.04743378589512162,0.4054617008777906,0.0955007219871022,0.12988397701045995,-0.013141299409458624,0.38677540916562886,0.4277541985031795
theta_200,0.44905740634809665,0.2760336056810093,0.05653108165434387,0.3802714069800604,0.10262592522792832,0.4453133175445161,0.14978707659033094,0.148827009525299,0.21240138238492529,0.44904491301969635
theta_201,0.4172927912744913,0.15595466125910218,0.370863376695025,0.19580207600141775,0.1289507601409866,0.15268107149273796,0.11115133140913151,0.37963007835666335,0.2985586844970671,0.19137248232975546
theta_202,0.15349533509308522,0.3029981102151751,0.09340615569225207,0.13286597459732588,0.1122650708421793,0.0986914124157915,-0.04988678573460651,0.24151972857384046,-0.04032209482061555,-0.0610142520949883
theta_203,0.12921254036511617,0.04813011952026133,-0.1089979351887423,-0.0070976721082427795,0.002445553311960997,-0.051056044575821836,-0.07207138877376085,0.15046057501385948,-0.14047116645130742,0.2835282461336246
theta_204,0.08257165830918081,-0.12928541919556052,-0.041412955222623116,-0.5247955261682529,0.015259596950990321,-0.08243448935454899,-0.49337586244922627,0.19382797253136966,0.03740924318687501,0.06759555627734733
theta_205,-0.328886419100807,-0.33294782399716955,0.04949614716446754,-0.2497887871575906,-0.33564735112449645,-0.34650219073018346,0.07006648869049596,-0.4053398522143523,-0.11952876179868606,0.11603126911442564
theta_206,-0.003916460675004578,0.06242586200542241,-0.1414988258565837,-0.4074577201570187,-0.037056203734897555,0.02835062668267503,0.05152816261906223,-0.08111201819751784,0.073602478935451,0.049418255414401896
theta_207,0.45623634279168523,0.07009512766452365,-0.10914462184695566,-0.06345973598707605,-0.12228744344100395,0.0819140526247645,0.23791413685323273,-0.30263798609282777,-0.3209919070821191,0.044610871043605504
theta_208,0.3937232282811907,-0.15738616861915533,0.018984644674939488,-0.046823397896628594,-0.03139954566099558,-0.05303995635783255,0.05232144477022902,-0.07305883571839167,-0.20839996462719884,-0.06459250272480342
theta_209,0.08281531642924292,0.042801411790739194,0.008115343737322294,-0.12522743221043653,0.08806055903308811,-0.16056531427363777,-0.48807554869657693,0.22196106045037284,0.1561921050450721,-0.45090402781886807
theta_210,0.14732551904587216,-0.13401014585682675,0.13203757630306165,0.041722887934522807,-0.1088445224757552,-0.21996874962670962,-0.3305262498336658,-0.021011866209641936,0.1121904309854701,-0.39170215656023705
theta_211,-0.07952596311658039,0.06972223188910046,-0.47876761727365064,0.03816707685485051,-0.299599137413648,-0.0501842469450077,-0.2820852535339092,0.060324702350590155,-0.13430810924811917,-0.30405089572688815
theta_212,0.21325992095555435,0.03304339711442938,-0.11773135134422856,-0.17642310290339164,-0.17336671030241918,0.007988312820487868,0.11502614084245658,-0.25180659687320917,0.015573973167033229,-0.10645144554418857
theta_213,-0.1424286795592675,-0.15580537148080204,-0.09238563420047856,-0.09635592475273762,-0.2393070961135869,-0.02171188093137178,-0.14668116051750388,-0.1957881378727865,-0.02239981661410011,-0.47914634954923
theta_214,-0.12054802372065807,-0.19574247880490414,-0.15166297270647508,0.025078594518907458,-0.3257015298201869,-0.10453067614834152,0.006224153645039663,-0.1299152002007276,-0.32562031138338793,-0.08298720649430488
theta_215,-0.1299939825054129,-0.2158767502483972,-0.196210871277146,-0.28085732626067567,0.09757078405702853,-0.023089715275947595,-0.20758720632730512,-0.3000905336479288,-0.17537832436581804,0.08987295199167931
theta_216,0.0819619109637901,-0.08509143975124568,-0.051353711151045346,-0.030870360162196298,0.08132506271437973,-0.11530924535897528,-0.18097702100898638,0.04322313532070017,-0.23753792806392993,-0.17307453216509236
theta_217,0.03772619429668,0.22001547664499752,0.032964699586494915,0.19788972631012944,0.07442387708892817,-0.07350647788090578,0.27889269250121657,0.37958833387834817,0.2901458166593665,-0.1097943018735242
theta_218,0.3236357465571815,0.09119298812397401,0.07703493494503927,0.3857397214920027,0.04417071549500277,0.031394059734903716,0.24277401271831747,0.34705060518472214,0.29760378361878526,0.04287199251464758
theta_219,0.08897820607389643,0.3859365405752023,0.4705064481368982,0.30462273400722867,0.2704476081642707,0.40819041429085395,0.3804734395510459,0.08075081023948431,0.2909886414424968,0.09737561683364866
theta_220,0.2070961814938948,0.16667589184750994,0.24837024965168686,0.1856246194095789,0.28602242230927055,0.3440105353157798,0.36563399763652854,0.1407465475898691,0.4836733227505946,0.06919825167012277
theta_221,0.4635597139031527,0.32697204029224436,-0.005198241476617299,0.12987838505323354,0.396952327097985,0.4645368189197159,0.19744944270422124,0.46372507181378875,0.10823793126829408,0.45040458814835876
theta_222,0.1324682839959024,0.20761467542005582,-0.022686083717348173,-0.09206106920495682,0.3613152480966802,0.5737428227994826,0.3974168388444692,0.17973016031474434,0.33103794931019387,0.28220351054649156
theta_223,0.18966725006148552,0.26064521103240046,0.2603118149459932,-0.1622645468590431,-0.14704381736538052,0.21026695353246228,-0.3192570696464872,-0.07529928027104438,-0.12464525967072858,0.17196292202719132
theta_224,-0.18798694419250797,-0.13430877372048933,-0.209459185950268,-0.3330557175288559,-0.2483016528145036,-0.2673723285133701,-0.26847628521247163,0.10643824187620454,-0.23749875809405607,-0.060293318083255165
theta_225,-0.33218910413062214,0.006744022235715191,-0.14671909759822716,-0.458228164748355,0.07956783077845976,-0.45612715158004713,0.009413390461930892,-0.14040285594555715,0.2882826474102962,-0.09834439285413903
theta_226,-0.009465774135696943,-0.3529407038120709,-0.0682666657218998,-0.2703846523015944,0.08680907703429513,-0.3377768382706287,-0.09728006641711452,-0.1392965259007485,-0.1918707348688401,-0.06783660645649363
theta_227,0.3334508719953287,-0.11538802383418822,0.1801648066832197,-0.3255163072733602,-0.2378957079260642,-0.43417527412790674,0.14983266365009443,-0.1060125500372759,-0.13792317842160098,-0.013389081044333607
theta_228,0.15774913619548575,-0.2040343462853884,0.00019129749505983546,0.027641396079689944,-0.04171679718976473,-0.12014937186265257,-0.18225162797296585,-0.07122495294880453,0.022394430197303226,-0.14423991027854274
theta_229,-0.006238856742836691,-0.3099357133655747,-0.08994396865664096,-0.31505500638672784,-0.38396792362439697,-0.11184505276867283,-0.13372676201529937,-0.048719998392125104,-0.12877250719402777,-0.3130417813225216
theta_230,-0.04187040742613222,-0.07493548663009195,-0.13303590350881703,-0.2843181764549979,-0.03768223914879375,-0.3371551372112386,-0.3810444986175819,0.05168520806680097,0.09059614462919523,-0.667080705143622
theta_231,-0.357260974795376,0.13252938028014033,-0.3833310438256325,-0.13577519370005803,-0.23770936029651413,-0.16422704300772983,0.17224701999805955,-0.003474180010213157,-0.12044014912108213,-0.5378337187293809
theta_232,-0.2033448122899544,0.17853393584503116,-0.3296235337738539,0.28190599131541144,-0.3241092175852589,-0.13136544704799796,-0.007720237701135823,0.08065014976619436,0.2408851826448817,-0.48318184250577856
theta_233,-0.12728080599406785,-0.06991286621345848,-0.37403340990384853,0.030112135464675432,-0.1966593532999146,-0.11124845932801002,-0.04230607723960189,-0.1363807931555417,-0.06439401411834549,-0.019195055068099914
theta_234,-0.31890919092812753,-0.26938483247937023,-0.1357739543354929,-0.3479351240608607,-0.08664024017679522,0.2610186864451167,-0.2960176804535242,-0.30208744314070585,-0.23801947951612104,-0.10680129518856789
theta_235,-0.30936542840401726,-0.16035705928116428,0.23527048296487685,-0.07524656747189676,-0.19804998579950156,-0.16704615374993334,-0.2899276444093821,-0.24896961198512646,-0.4290149115008451,-0.17970383279487903
theta_236,0.059791875608426526,-0.21714844163559524,-0.05626632276806744,-0.04490576918693658,-0.13253359652165397,-0.20678146306184383,0.154837219833164,0.20813093251710993,-0.11389794535882393,0.03757627629517767
theta_237,0.22210900718143617,0.21493955097384623,0.11223853943069939,0.01221782645321669,0.36092579315477735,0.13539408813638507,0.13836427715906716,0.18814045921101913,0.24833289061621414,0.12068618893607912
theta_238,0.4629478293343397,0.23831594980586315,0.2257166159606691,0.21171020670078636,0.3211097583989095,0.22762049789259828,0.21929137263945925,0.24381293770893375,0.46780098908697015,0.2936211702577739
theta_239,0.44626964134635705,0.04963586533569591,0.1485677636837417,0.3750165058675353,0.14508872954274726,0.3469610498198124,0.31741709350721514,0.1259299219203408,0.06724671076950402,0.3448247724356156
theta_240,0.10334754839085122,0.007935849945404387,0.08455084104212586,0.38543380815373735,0.37763134126708436,0.047119922116370415,0.25187196340950335,0.3394252100509672,0.46302382858294105,0.21337382478235503
theta_241,0.13320700107119993,0.23070030769336558,0.1877949886793902,0.4320764320100669,0.3390113661425312,0.4128739501255532,0.3146792835630539,0.015910516300082375,0.12192869127565614,0.21528088453521724
theta_242,0.3038209189399195,0.15790679789163076,0.1599054160215505,0.18581914851871725,0.10362559247514694,0.38469785375668664,0.32818560050610335,0.13070083140262953,-0.037883346746766286,0.2912486279233123
theta_243,0.15778895176651037,0.15433521362200037,0.28195365538369854,-0.20208221826130218,0.028300602473671898,0.32862580490152954,0.18341569020062068,0.04898514249520433,-0.13095205520502598,-0.05177179392770848
theta_244,-0.17895446685949445,-0.04287170887392327,-0.054107802044425196,-0.14341584476321664,0.0016076324076556513,0.02606742060002607,-0.2057966272931547,-0.1263161042952195,0.015952452829017912,-0.16383412313359771
theta_245,0.048832310124419895,-0.0945001967032083,-0.07439180362847495,-0.1598152652889288,-0.12825993444773767,-0.27184999032004326,0.04048637266204904,-0.18890935047695454,0.24918016129010823,-0.06284248747626703
theta_246,-0.2780737276698668,-0.3106484353433072,0.017559440340658157,-0.04813489830426223,-0.11325417916074802,-0.4669582815113011,0.20728854993089438,-0.1316951241011653,-0.09955436723711578,-0.08596911743045253
theta_247,0.03278561607269534,-0.27780732777647715,0.13580301117687846,0.08911188752912949,-0.179530962902371,-0.15208983263595197,0.28072369987833423,-0.3945053672774189,-0.09793603247339729,-0.2745641521029477
theta_248,-0.31828171720084214,0.180021426471759,-0.03803750474921018,0.08733889169811664,-0.12921624091537737,-0.292620141858942,0.18849606300681931,-0.1788199046827255,0.16068645515082083,-0.2845868401409406
theta_249,-0.23553628878048788,-0.06470194927237458,0.09568259593091143,-0.13715410667497077,-0.11926279183987769,-0.21010069291367764,-0.03834986697165945,0.014159434243953519,0.23529770674131545,-0.4587264861381082
theta_250,-0.1492794578254554,0.031487599140633135,-0.11317332624530876,0.055660797629877606,-0.26062717240113004,-0.09404904371791958,0.1603889563138068,-0.08791130254847443,-0.17176773351363586,-0.45485174078414503
theta_251,-0.2343518610272376,-0.05019674719234146,0.0022986008544089932,-0.04590448738754105,-0.13955974117813955,-0.24227519220248248,0.02161861221160134,-0.23982222220515606,-0.10760896957822565,-0.4735944324121552
theta_252,-0.3996985056949828,-0.24514707947916758,0.1606783843981038,0.20933455221229455,0.15399593735797645,-0.18330851312674332,-0.018182068303137587,-0.14873468914939203,-0.23122612738162027,-0.26837238383119616
theta_253,-0.38399204881834886,-0.05581314473962244,0.1714740252369785,-0.004738734734644112,-0.23836841204726156,-0.17466945148333773,-0.12361234437907848,-0.1046806298050445,-0.16865107155254733,-0.03660675117686308
theta_254,-0.4122292829265248,-0.188108592711233,-0.18743566363218728,-0.10400950073243005,0.010901605176449539,-0.21112820244180777,-0.2237608586389839,-0.3042839886350741,-0.06429614000866796,-0.21040538216201773
theta_255,-0.03685563151207234,0.003349398362690925,-0.03291690001665584,-0.257041265641278,0.0670532781540878,-0.25993555884392844,-0.19720720591236304,-0.2335777851691662,0.08917525974292108,-0.02849082999952686
theta_256,0.09858401098627158,-0.17851558905865716,0.03373036206417607,0.20330117523281338,0.034641971904871824,-0.03415646387617102,0.13617415301311897,0.2067801528142954,-0.16459813365952786,0.060116564036350545
theta_257,0.30037993467201474,0.32494889682617634,0.2291971992676543,0.23395231654771104,0.09943273471270803,-0.005070555825309626,0.19013154353258602,0.2350775208885329,0.4281507949981601,0.2362466482996489
theta_258,-0.01174721977323948,0.3440836846456516,0.0889712592610008,0.11992244934294496,0.3609120248354725,0.4391351568300235,0.3377880817602343,0.3214177533169523,0.34628827177298294,0.20789902634445323
theta_259,0.2440047266138191,0.43655971166407026,0.04949667963451496,0.4536569626778258,0.34090253702919127,0.13664410203930116,0.35690112378394395,0.2752408007947535,0.3738152508507048,0.2193713719575231
theta_260,0.2208356709456432,0.15261240984712252,0.2737223542084256,0.22111181461163162,0.33119077636838384,0.19032765640250268,0.029115269958510732,0.3804933604569763,0.47287132176202773,0.32088990444560034
theta_261,0.4605928737783859,0.4466271286599211,0.21876334146994,0.06952131907476201,0.4085196130883044,0.12853895491472314,0.24153973795347125,0.39668103452049736,0.4455162774067405,0.4517030744869797
theta_262,0.3242621987849846,0.15942153417136587,0.33879376013202417,-0.036819166942395114,0.30304519444738165,0.1956485114898538,0.4310878404691871,0.15794588101743842,0.2918870816148888,0.3518164979055705
theta_263,0.08712739098187318,0.24754852284857454,-0.17388122157591782,-0.07503871262429541,0.23577037841196433,0.0029208285449303035,-0.22713202484177616,-0.02496018728380721,0.22741679212579227,-0.07226981285476565
theta_264,-0.01757951382013855,0.1579383814167989,0.17116635084167525,-0.11105033273413839,0.0992748312071942,-0.11542846479856203,-0.23984536691424893,0.1327524333529198,-0.3164470464601232,0.011793539590759636
theta_265,0.07690737721639733,0.04463957252796641,-0.06879072631946069,-0.22653974112198993,0.029700157075388357,-0.23972848470215014,0.09333591966823294,-0.23667530340188928,-0.17584376733913648,0.047379480731123684
theta_266,-0.24862078546925637,-0.22597541346146777,-0.040554971681347286,-0.10337702420428943,-0.12049265753007848,-0.2057560100799507,-0.09017152923331742,-0.024876253661170987,-0.11796844122068575,0.13419388078277392
theta_267,-0.3717054653065215,0.20653158133695912,-0.26186239397399097,0.0042696413211149855,-0.3915085335047817,-0.08609158251141892,-0.021451340642477425,0.07550632667041136,0.04282937567521479,0.12084746627557807
theta_268,-0.4464979619799356,-0.2306501031395147,-0.17471611079521407,-0.06771539322463142,-0.3601554208479221,-0.28897383216648104,-0.08286520750842986,-0.08868363515000717,0.13879228951005937,0.07864351699729806
theta_269,-0.0654061762665701,0.09742346572811136,0.005768941862341153,0.07760136549775223,-0.013830946522442739,0.09824165994704866,0.018334792824087415,-0.16458318922349788,0.09537384435912646,-0.06468390734277667
theta_270,-0.09217200483986795,-0.24246644611808194,-0.10414169713190422,0.22456966039970258,0.091779072837176,0.20084818141302083,-0.09708384683627462,-0.3318506671094248,-0.12831845445859366,-0.22848181927331454
theta_271,-0.445102192049865,0.018962706629673517,-0.14055361027025892,0.08505371923574592,-0.10020630701972053,0.030186912485593333,0.14522886748200006,-0.4101362805728193,-0.23022152829817102,-0.03407799719849696
theta_272,-0.40099644836937626,0.14241867065489353,0.16792450224480976,-0.2588433001953676,-0.26548105995557186,-0.1486390894611924,-0.22472538513692455,-0.30745169459820443,0.0639139614117988,-0.05689029451382775
theta_273,-0.40975353454775565,-0.024037166920065363,0.06516525488305877,-0.3639330374456603,-0.24240384840606752,0.017347368716060834,-0.08365821376925654,0.011126163473578032,-0.29127247808013257,0.2044576414147897
theta_274,-0.2911020909001914,-0.2427919052365541,-0.02291344906710619,-0.059464549730523265,-0.22586841807982536,0.01991595475152181,-0.4214885185565898,-0.15566445227570588,-0.2748845343428335,-0.07645464776657497
theta_275,-0.2657545141076826,0.19356801876452992,-0.08302418399324467,0.11189698702982083,-0.1320214778359922,-0.0025673399704117476,-0.009245441732934302,0.21804837922319492,0.05795461757292887,-0.16979481150706216
theta_276,0.13893539686480347,0.2044531116463937,0.07045937915751323,0.050746834827819776,0.2522266761971966,-0.2107890331734048,0.12249196660240982,-0.11808888216741358,0.059457573339435216,0.3041593781431451
theta_277,-0.04960328287447447,0.36642868137841833,0.35586390006588164,0.05126867433250057,0.28790778204649403,-0.03964591305808147,0.04372719529816341,0.2558991493787372,0.0939599674234819,0.012957217289552321
theta_278,0.15102609373487538,0.011175315267213944,0.15537183579804306,0.0692085839248827,0.11912354097180992,0.29479632148654433,0.4646408572018265,0.33088052320493483,0.3967558429645672,0.08535723246214008
theta_279,0.19194517170594044,0.4734194635824036,0.17001325058629913,0.017377356429850794,0.47469956428424287,-1.0795244940609163e-05,0.10655426061810896,0.18696755867303042,0.3844628251785696,0.22077207282932143
theta_280,0.2993307409897318,0.4174391434419328,0.406057415710206,0.48032014472173873,0.43782349475935745,0.22399130952140986,0.38287825430976885,0.44282218009353463,0.30584646493034906,0.49079082664284357
theta_281,0.37165054630749544,0.3875015448042801,0.21957020925559523,0.34212950363725664,0.3680214636849611,0.07518896464227215,0.4888178738850372,0.03515593784065026,0.26821644171478215,0.3966499536364307
theta_282,0.2940781955130141,0.3550112263351653,0.0841005603817661,0.4721188912868554,0.38830461288848406,0.32497449386856647,-0.01806674643915749,0.05558733984645858,0.2654188863357759,0.3801835224899786
theta_283,0.3206541524033018,0.18633839369951394,0.2922701671817669,0.02861421183998241,-0.050542153742894586,0.21296474184566508,-0.08288845114504363,-0.06480643551625163,0.07633715747365756,0.34645209299868096
theta_284,0.24944096959638026,-0.08826762262907435,-0.1117405910093369,0.002463073722952735,0.17504949091074307,-0.2628048777839469,-0.27873883493960655,-0.08297747727777166,-0.046469586839809805,0.030159179379124604
theta_285,-0.09775778399477073,-0.21012882457348595,0.14396053456510222,0.005250069948751074,-0.07649952657297354,-0.12602055413721727,0.020277213460336254,-0.13377962550995884,-0.03036264639261079,0.10091046715971987
theta_286,-0.30980237903608615,-0.11715447986510391,-0.053947891333927286,-0.08748385131822144,-0.02780258662617682,-0.4997639088071592,-0.16782851390601639,-0.24905333022786397,-0.013295416233817412,-0.09545552910707135
theta_287,-0.33508720515569895,-0.24876225951260697,0.08136404057550012,-0.10018215426999195,-0.05687222446674743,-0.4297875450150539,-0.07377097687358991,0.1493674534028431,-0.217983396838107,-0.19057067047722956
theta_288,0.045059470667638615,-0.10112969098380126,-0.17635168664391146,0.05441817177871823,-0.08860564394803469,-0.13249392172138508,-0.027170088984366073,-0.12589258866284764,0.007190465340565621,0.11199143708271347
theta_289,-0.18054246188210504,-0.07828547837901072,-0.3037134152772021,0.05271119201589672,-0.060539024184220844,-0.16202735517425165,0.0006160186606659096,-0.21492743035956352,0.13019345311497846,0.26156901084338535
theta_290,-0.2628173170724398,-0.25029430730456587,0.003295851059974694,-0.04919175981336775,-0.07152838824051051,0.13067174867688164,0.2347834789155083,0.10344749874759322,-0.20851845829314328,0.21790769389056824
theta_291,-0.1682838432501017,-0.20100452511444902,-0.03520109764154876,-0.19838811204939003,-0.21811636060005074,-0.022484056368258985,-0.21450367615285665,-0.29820927302255795,-0.2119180171755426,0.24814254569861469
theta_292,-0.1958378326287977,-0.239917032352691,0.0929357931393247,0.07146314800645588,0.08824011335178769,0.23635639851363802,-0.2765753123934808,-0.2734369800269533,-0.2505806581703523,0.0736412986173464
theta_293,0.12387860976754851,0.19707734375340907,-0.15124640366985326,-0.3660948858938308,0.17482042769739345,0.2096145942222142,0.048511155073118366,-0.3299300214754075,-0.37543295189319303,-0.1622148769429376
theta_294,-0.0011219898700679822,0.07648654426132298,0.14491984530543672,-0.07824495473060904,0.008456480250753762,0.11876409409727966,-0.14273298891192804,-0.3070023990063036,0.02495095561367499,-0.1599549542870792
theta_295,-0.1509925563420996,0.3374443215620478,-0.1480554459465757,0.17615052405921536,-0.19803209066879834,0.18107234882281215,-0.1284830607857893,-0.08889168027816938,-0.06107995538984186,0.027729119849272135
theta_296,0.36372221514559444,0.06819722318041262,0.2593185624966354,-0.051735290932428964,0.19921716449751287,0.2157652897784474,0.0022827405265149325,0.11958837670018806,0.3257625031175404,-0.0858426032730561
theta_297,0.03669262274509346,0.2683719916228138,0.07610342044003904,0.16601377137118872,0.11009589481963099,0.3665407745148943,0.36492259701802116,0.4296073929864829,0.4711445300491676,0.30296476887789203
theta_298,0.0029467462633075104,0.43033851915943894,-0.011394412287301628,0.41727795910132404,0.36280172046135856,0.3648140857728775,0.25191065596175294,0.11832944799919766,0.3249402668529049,0.33746167376442965
theta_299,0.0653404743545833,0.10865569271605374,0.35954728654177287,0.24188460632384118,0.015254222454355168,0.41915035861689454,0.09429390810904943,0.1751838275114755,0.18265636983352457,-0.0002195673768124965
theta_300,0.41280043746115297,0.41053050095348403,0.4645600263508118,0.2732624235005027,0.4021151044820637,0.47533081113361325,0.4461592635697066,0.061028419624256425,0.4681660222896385,0.28629511924870754
theta_301,0.17928371014455352,0.14381015751485426,0.20914459294196852,0.3095458952445319,0.46350768985220964,0.15455925836797818,0.14651723865261235,0.08877600413796674,0.2619179341657953,0.2485390273710666
theta_302,0.3889129039536432,0.22551528120390865,0.41630538610095386,0.11303944861040412,0.28443007208188237,0.02737051889440054,0.09691419986140047,0.31184636073472155,0.09257538563516544,0.09451832410661982
theta_303,0.08589462809802821,0.07528234517363058,-0.06606304479833203,0.31297380812347897,0.43029909322251547,0.14598359000224836,0.29673443769525926,0.3695547535407202,0.16684191381659638,0.3969447576853414
theta_304,0.3153241411443591,0.3075608925214152,0.11500566912551129,0.39029608692423756,0.3675843605368856,0.09040240147470344,-0.15306692974785893,0.18573117313842413,-0.02493676244693419,0.24453513728605236
theta_305,0.08212420048599445,0.02235878677841539,0.007749929596539209,0.2935632566415569,0.29368043948798206,-0.20592246083064986,-0.013458894349617223,0.03068428227172533,-0.13223980494106874,-0.004100188855504563
theta_306,0.09792321898514397,-0.08987770542752296,-0.20879714337003097,0.08316963104894992,-0.0817497733765545,0.014986954494001866,0.04990980678316373,0.16374023465463253,0.13872768626651225,0.24372782302389207
theta_307,0.06022347395741078,0.008210710361986765,-0.11867496134416264,-0.06623199753324033,-0.0134334036234681,-0.17464191403485865,0.2545162628118651,0.01285406233309462,-0.13715446086834163,0.34739177375071834
theta_308,0.08551291810662709,0.21192345830528675,-0.25743133137656293,-0.1695768825048924,-0.31854713327729,-0.18422444869625598,0.11587460505000367,-0.04212300119832626,0.2514768599517071,-0.011649350051550437
theta_309,-0.01614548192910458,0.0666761467263069,-0.2333074570751526,0.03628745655943166,0.008004534347082887,0.2325039908658325,0.030521135250792072,0.016149181765734707,0.2337289161418523,-0.003038304303615995
theta_310,0.09870748030618409,-0.17627696506604545,-0.16882468132176906,-0.13453523873182915,-0.1718974728698047,0.3365444939778949,-0.17914870089101456,0.16189706444881727,-0.2611070968121595,0.28851200897416496
theta_311,0.10169452449205972,0.24956435661456047,-0.24956867394466825,0.1687280791013182,-0.22654331280237572,0.2528677335479053,-0.049706070133497614,-0.055530361211063334,-0.0946783788445439,0.11831170446938745
theta_312,-0.03797941899735625,0.03986587416037158,-0.1383632417335928,0.09463922361484445,0.04157140116793843,-0.061927224961705246,-0.034292565040446796,-0.2690416631113777,0.16768872377119382,-0.07659607434047977
theta_313,-0.21699258454456036,-0.05912975749599851,-0.14211295462606457,0.17540552195614084,0.07295113871376474,-0.13981781889192413,-0.01088952857817066,0.08475257338828607,-0.08637629215197042,-0.01468860498239404
theta_314,0.0021844030204784992,0.23943249466905592,0.30069983258584265,0.12341994241210255,0.2840695603766958,0.21865742970797353,-0.16529061280317467,-0.08049062462361332,-0.024261150423039543,-0.09773024476698174
theta_315,0.15901072034738592,0.2511165614981812,0.07180393717208844,0.08619442260104603,0.263055500986483,0.09936988384302382,-0.022693676867117624,0.032830618560748884,0.06211754915078389,0.20465445855808187
theta_316,0.17139667820507734,0.413856118203534,0.2421532241018171,0.415828074119684,0.2956576044045726,0.2880713865555685,0.4177613641730903,0.14722483591851346,0.38976194185876617,0.04470329137265663
theta_317,0.11864093487087107,0.2927852457738379,0.3697868143327402,0.4402487157895589,0.20580789980010103,0.08887730698332102,0.20431890095126068,0.3046507771315683,0.4293621310909662,0.4289488224337907
theta_318,0.01626287383041322,0.12322646163882442,0.3047248331634007,0.23095915806645437,0.4649918039980227,0.3962633419498819,0.2611438206451099,0.061220692730134744,0.17504374230799233,0.2185787342252056
theta_319,0.47147388660862044,0.4566044340201078,0.39512181290091924,0.06278665531720458,0.23883267727793808,0.4899074905204843,0.4372832563423012,0.17745368460543456,0.3604430722122183,0.4014315394935628
theta_320,0.29684489676988995,0.3248132599379008,0.365494066285397,0.498152809485705,0.45470812429204316,0.4420108970516626,0.26775441929309757,0.1078798176174236,0.11423160734283531,0.4120562951732199
theta_321,0.4332570933144621,0.24742609130921575,0.021138651231578424,0.44658754444582816,0.21640165717489593,0.29202057891730515,0.48787822300781525,0.14712936071888721,0.49551807414215915,0.2466631399306426
theta_322,0.12496095702495355,0.1698910761019702,0.3992978489450226,0.15387030340909616,0.45311754017329675,0.32700538920727085,0.22837803984610958,0.32943310242413915,0.09628527993102275,0.050329940742489684
theta_323,0.23205725544353767,0.3990448626116166,0.1657941590389809,0.30535412145874524,0.2796561186766924,0.055991844634744665,0.39138206603608366,0.2604791169092664,0.28189937455655606,0.08871033920758814
theta_324,-0.04533472188410992,0.3319118225407883,0.017657323711242734,0.07141006797608987,0.3668756591175431,0.1342897568559909,0.2739711348158466,0.1506062739711661,0.2616960210300429,0.1108471279061111
theta_325,-0.09033062278344339,0.3494936309275923,0.31330780420508225,0.15897702865161417,0.40727938449999385,-0.13751992653760853,-0.10562526448676089,0.23056139897193245,-0.024631019062004492,-0.08220800348824496
theta_326,0.13677256697937673,0.005781130043970693,-0.17693746892052492,0.35191014954067074,0.1132292623561566,-0.022230508527131702,0.11680122964501853,0.38495761236346543,-0.022330815332181803,0.227471245764865
theta_327,0.19606989036996444,-0.0677993164770817,0.2428755867100145,0.08441666275377947,0.20342220279367274,0.2285607534291425,0.09804595630958517,0.2684329837119129,0.28515424764957303,0.233254180791313
theta_328,-0.010373006214932572,-0.16696634155815152,-0.07732349066407557,0.28973912471646995,-0.21076434745005662,0.1915417846328208,0.32052447368953185,0.32047118592730006,-0.09208190113120955,0.37596703282328237
theta_329,-0.0990522935408118,0.06492321293616712,0.2683216803104611,0.24999828958549697,0.14283912653294778,-0.0959707932624674,-0.08720147783104854,-0.15773884668233965,0.1561328814922119,0.23184352450762014
theta_330,-0.02175223309230725,0.15656796302149817,0.18482559170860374,0.07203810931094477,0.12272678479237055,0.15883368187087715,-0.13384703203022674,-0.07920571030305926,0.07747245275398244,-0.009686804930749835
theta_331,-0.11588237542950973,0.1233594270244962,0.07191730954685537,-0.08660099663532156,0.1410821370504966,-0.04501523850835851,0.1309912431988259,0.002788454133276354,0.11722283020280178,0.44605911783782853
theta_332,0.1477723396062044,-0.0022333402765848404,-0.11234587324625485,0.07246701252429762,-0.12723262908499738,0.2903110130967628,0.12087291834741659,0.22859814584133747,0.30293338007860693,0.1375348118920183
theta_333,0.031114818452458573,0.14322477287637808,0.22149555064065557,0.3104559120382455,0.2782782273756024,0.2403994085411417,0.13077527314412735,0.29309995738939426,0.08262029221541584,0.1041712820228903
theta_334,0.17592390452522336,0.17832682090575433,0.3494626753283629,0.007135272847526778,0.21268925133906877,-0.04460703857923101,-0.057658852508584206,0.06395526638366315,-0.03992900328686323,-0.02285884227770234
theta_335,0.32944183421995404,0.24817043918339227,0.07116808606573899,0.16332625613608395,0.027238020609026237,0.10843285458828032,0.055370945374849226,0.17947209529829244,0.02275354568466035,0.42003320469360284
theta_336,0.1625280159619154,0.4639784946997883,0.1509099439569937,0.01705240502126432,0.14052100997700653,0.15297807263660929,0.4520936653483722,0.1573174887611866,-0.022571028193693693,0.42129395661425234
theta_337,0.4721640795947928,0.3430541543554817,0.38666631730398027,0.06805065183304615,0.41126792215233,0.1545682069276703,0.46260936037337397,0.2009789266427593,0.2964481522610217,0.40547082638733734
theta_338,0.20532907402072298,0.32684409406844034,0.163651900727586,0.28628195390211153,0.46247630013351676,0.40633009038788315,0.13624726092589387,0.15263524531588032,0.09536574718591985,0.00423748909544739
theta_339,0.09053711148781446,0.20324616262736114,0.1167101452750393,0.4866803663121923,0.2695004279322446,0.41152858517659635,0.1947126181879831,0.10819197646744261,0.027758410128975352,0.04395660309978773
theta_340,0.18164911986293372,0.1385720048038748,0.16759995466394992,0.382316828837698,0.40382477254322585,0.2523590640212829,0.378598367528271,0.2750139821352068,0.007228089910461699,0.28927281070305216
theta_341,0.32615029566471204,0.35666649795591954,0.2752648947992031,0.3916417469138929,0.2820881182653229,0.2182617980099552,0.4183685421117734,0.035798729355671244,0.08393764350577353,0.499290599373274
theta_342,0.39476593805468213,0.22536632100694803,0.364929557063276,0.1048004346396916,0.49905689082005406,0.353890990449489,0.345872160818424,0.049736325032749086,0.08355683819986429,0.16961733829486603
theta_343,0.15761715582259492,0.27283538263422163,0.10351833000257761,0.2097045596564936,0.4136869900199065,0.3534421270724885,0.0698989126279914,0.3425875435023902,0.07108828849170341,0.3879417448210453
theta_344,0.33024426951755215,0.07726802283536896,0.44051804442097203,0.30933522624769183,0.1184730253322824,0.3327999369058806,-0.02459590877112959,-0.02348421625465696,0.27317399183691066,0.3011714264159747
theta_345,0.2950627762501034,0.11675822518080901,0.1461149816681786,-0.025502724796802982,0.1845869144993365,0.35116460954798695,0.13660246466193507,0.41124440683638597,-0.0470451129120375,0.13696456651025274
theta_346,0.31518998304725737,0.06163821308357788,0.07924742108383248,0.034986027689084424,0.2038955262189835,0.05545148517362501,0.24105046007679762,0.18964665947656753,0.15715552361390836,0.01136553803326853
theta_347,0.07410224808633782,0.4273691403563711,0.24041904541352568,0.33861339928987383,0.4416801308648788,0.17839911101398057,0.22001898820583216,0.06427807019747331,-0.004606575383263898,0.3148862715832913
theta_348,0.3620472686053201,0.3996920159251605,-0.017432027121812656,0.05213973445303337,0.32480169481448845,0.14099607332347197,0.36447084542070163,0.04688808143735012,0.29092791429213677,0.2680904885013616
theta_349,0.1464953664394799,0.21529750753051163,0.219181600253853,-0.05251805479636789,0.2616916972716988,0.31308277197653395,0.09019367735117745,-0.05860680817784906,0.3988222148435912,-0.007926102297201039
theta_350,0.33340874651115837,-0.018578238424892805,0.09786206745922116,0.008334288450517124,0.363054580692545,0.16485322849387818,-0.03012234751137612,-0.06009003289550987,-0.05400382188981507,0.2801004225228385
theta_351,0.12729953703386623,0.04811331652838256,-0.05302320260800439,0.2422792910893057,0.3197698213103039,0.150518271156504,-0.020639361247824874,0.2302906162330314,0.07806334735502118,-0.0278557645652846
theta_352,0.020617874105619546,0.1698294335690597,0.3557868642059132,0.3911334724580247,0.19483545386235193,0.15253500726252664,0.10123517672250958,0.3334619319387024,0.020957616509248482,0.2984036549486038
theta_353,-0.010917725761147207,0.13390434225953904,0.43172479633074373,0.09663509457072723,0.1132968883033011,0.22470224053014357,0.32232664896704316,0.0066252743045784315,0.0792682514423868,0.2432137127359367
theta_354,0.44488594206582177,0.5235288778282797,0.4585791852802687,0.37069796098961677,0.4524614025322233,0.033009653749700524,0.17959377675886237,0.02706734978310318,0.2698643149915238,0.25460441867529154
theta_355,0.3368148540176617,0.33114394849449985,0.18027715612755177,0.20932371765270716,0.15556850537862107,0.0669760048736309,0.08438408551781146,0.12478465285710594,0.22561627147753713,0.3097661026521023
theta_356,0.4240541719728905,0.16604443446871472,0.456788931354234,0.10403786725475825,0.050271844492311486,0.07918359704880998,0.1511401284006864,0.014036739556442841,0.1450797512367188,-0.0030212857294399007
theta_357,0.44129825583297466,0.12636150255453016,0.24213111593421546,0.021676428642247635,0.171652757342993,0.39977162015472106,0.24468873578305222,0.3091611371541907,0.430002821912422,0.2667070765605261
theta_358,0.16392277441416978,0.1799846659113431,0.21357964630651227,0.027797361874094526,0.3786742788371377,0.2962819500717442,0.3568731296620675,0.4208121548697499,0.28951582056328984,0.19175162693811365
theta_359,0.31084459570556205,0.0028367479100667734,0.32675359361643924,0.10749907935138604,0.4365638237138632,0.06570485315060363,0.10971881100378902,0.3848732680155097,0.45357102711960584,0.1551747517240866
theta_360,0.15431425825884373,0.18243976765272235,0.08746844796940262,0.0790460264141907,0.47000042907931777,0.37948313428088337,0.03653776538326621,0.38281289149946807,0.15453543557008462,0.1538684187685865
theta_361,0.40970637509094143,0.06646764402270046,0.21199381016789026,0.39134430295060707,0.28725494755997144,0.40204835407062867,0.27653999376816,0.2820533077639485,0.2902487305187025,0.49043725352456624
theta_362,0.4199377456943078,0.42116965914007204,0.023716823082403683,0.48014881805001336,0.475126049785247,0.2332759916207938,0.337467788118367,0.26635752148097747,0.11311119529814809,0.160350149957008
theta_363,0.10257090770961313,0.4813883334783019,0.03837367960463412,0.4061050508256349,0.31491747058799335,0.3947633047354232,0.253294170529204,0.38067619268381697,0.23650910431109187,0.2522711094494451
theta_364,0.15989643206991025,0.39272609554677435,0.38493792472063476,0.3020806878416543,0.31618358350649645,0.0761463054785776,0.11234708564699698,0.4382526785517339,0.18884558291632053,0.3291178263558575
theta_365,0.4790073995406281,0.2635126077487217,0.43780718874172875,0.19790396751757952,0.13162348946662325,0.003771845421592215,0.013669379684233403,-0.003947226534386585,0.14864381834521997,0.1050750214470891
theta_366,0.3387272694682903,0.4053212977412879,0.17616758856657808,0.3508658598194298,0.3593268757057678,0.11314003375863384,0.46757855255536585,0.11488151214733308,0.11206445678534169,0.39529626265084855
theta_367,0.4151553763735163,0.04104943455293547,0.36407020502323584,0.009561021424745556,0.06187379624191255,0.040379732482992,0.1760910302755925,0.2713496762049722,0.3127648113470858,-0.0009172528488775236
theta_368,0.3774450673319519,0.47424904683819136,0.1270476502093903,0.3196528453952341,0.15856883668131186,0.47406723606828644,0.4912014773950565,0.3237488094851966,0.0963210528647457,0.28471471515224356
theta_369,0.019461350689131934,0.30555231025720425,0.3653036749460222,0.2333490070357398,0.38276201390349623,0.005062322465724914,0.059050681401814936,0.03927060576365519,0.06978930171177748,0.2912560397959927
theta_370,0.19786301225919187,0.2628095512005027,0.06046255512056274,0.4927985842997093,0.01546546663919597,0.19130551559040374,0.26797824827664696,0.4097634529827282,0.35901466183212866,0.06992472972416953
theta_371,0.21051790324251704,0.15532239471234496,0.24979526084644693,0.3460760347145362,0.18018528628343453,0.29285761248087155,0.2723840743384677,0.0657247638202181,0.33516404870110694,0.09900049625799472
theta_372,0.09767131947269639,0.34183374638252084,0.2395358628755968,0.22805490193230787,0.28368625503610545,0.4666280325800917,0.2727833509274883,0.03716884323803085,0.042117576038598115,0.42320485174751515
theta_373,0.1672956421376579,0.47084234630178,0.029044949492706598,0.29722901419291053,0.02249336181716576,0.19794417882683055,0.11405812051940985,0.08884920530298666,0.4495275394848533,0.013573122554217318
theta_374,0.1785679545445519,0.2552890796281541,0.20733365513306865,0.3267763320611656,0.2537624858387943,0.02745443521541512,0.15774869164157296,0.06508251240100477,0.2274340420193674,0.0032215302610688465
theta_375,0.1135611324855942,0.3361708211995351,0.2877806824277293,0.18663868658038266,0.4295897319493927,0.3781073665247798,0.4849931588052386,0.2763453922184372,0.212687124358105,0.22155026040403542
theta_376,0.3849843401387509,0.4769041334804433,0.3587650429534808,0.15530220301891584,0.22416820804167312,0.10421511970728195,0.09342086450055433,0.43610402150990785,0.002767596252671602,0.4447774577366965
theta_377,0.4299101546658071,0.4336141868786188,0.2494632727292578,0.17243736492908612,0.1378438199781486,0.10086974731053404,0.0484631327845021,0.0791761193401453,0.36637798885936945,0.19946243629194582
theta_378,0.030827572273976256,0.2715975905335011,0.09237786226744825,0.07939375269082116,0.3210491660468936,0.0097469774554573,0.24035673698792492,0.25562541276261164,0.08026387978188537,0.24500445119877232
theta_379,0.43638848431880994,0.017990819243627054,0.41509415731859467,0.24757808735468834,0.11352427232353575,0.069026164007255,0.4542696967657081,0.48010405550998203,0.19227355376694505,0.26530169677872834
theta_380,0.28081348429015374,0.3640076546529192,0.024253417223087048,0.0935705954035686,0.3052265555172978,0.23535507682568602,0.09800940781195955,0.07586252810050259,0.4757453973441113,0.15613265202664361
theta_381,0.12001928126936084,0.4315016819700182,0.0645797278479886,0.43917506789020233,0.31977551109633495,0.43436700126630184,0.15908519606569957,0.41139001963288885,0.4238223169137941,0.05095338749712004
theta_382,0.27848879713566754,0.41186919655374205,0.32385266367721066,0.11177722679832443,0.49072393415022053,0.3254289945390249,0.32739853302387517,0.15564968678760832,0.11399488901825967,0.11242613464762811
theta_383,0.20499291413474902,0.030304081928035662,0.4855960849176131,0.32292484789022546,0.35794296521924435,0.051579412419007035,0.4358197994369326,0.02441692701229529,0.2291516278566021,0.3353130055953995
theta_384,0.16614524190056731,0.031019751486418473,0.45821130174105934,0.29379392841467683,0.1844888427484595,0.07734585663304556,0.1035789436606452,0.10481389932769354,0.21964439822729903,0.2658262275129842
theta_385,0.2059710349885686,0.1662819206117117,0.2143190453667124,0.08619350928003179,0.22160265030679296,0.44071357377990583,0.21115343920232463,0.2547041684643411,0.3760091476200292,0.24630157323321508
theta_386,0.4531083597413287,0.12226807307373275,0.3907667252027231,0.18244609910249707,0.04434959626277348,0.19762110466028154,0.3849377351874392,0.40837434736583283,0.23459456929180492,0.3467971199618528
theta_387,0.4508695007091164,0.42160683549105643,0.37443146642153885,0.46539842663603603,0.23796058289895738,0.08552464198965523,0.40444433820664233,0.025577069591965915,0.18792204107551813,0.3494554895343277
theta_388,0.050252517236578566,0.2742828554675376,0.47553341892866763,0.3230578881374625,0.1633623960590879,0.29089111983434346,0.03502892667926859,0.21592305458878658,0.29753873492407534,0.46251334694111634
theta_389,0.17516170789022076,0.0518650478119551,0.06063000963136413,0.18410339657416225,0.10216152845416275,0.09584244745376798,0.1915789202361737,0.3648108251268296,0.27338329515495735,0.20713537044169356
theta_390,0.26473567420729255,0.4377715999494218,0.07702418703627496,0.014145465527397769,0.20630612412390575,0.4369535804570729,0.31484526159918114,0.3363206159491443,0.1278818320358288,0.4648854327203916
theta_391,0.40327953215749557,0.42742880532498123,0.3850879842866426,0.3703758215786622,0.24678661234521967,0.05012108391844785,0.4356033465910637,0.20771990479621832,0.05701252443491411,0.1149663819826095
theta_392,0.07184070382329932,0.29410724250522546,0.04663233481993242,0.030012301514949973,0.4583403440396231,0.1389096415031801,0.11637056607431702,0.05195203825788383,0.3293398533338494,0.44361019876887814
theta_393,0.21008321215469183,0.47120147346972396,0.39573629137574473,0.15609914731073082,0.44005359829939394,0.4765236211400788,0.2618874256285978,0.031219155793595188,0.4124699958321177,0.2670616297164959
theta_394,0.45432179486591445,0.2788314989349021,0.08733235148412248,0.4688090320105666,0.3500383311005782,0.39086581295248646,0.21427335515582183,0.014949758605247514,0.23320671062253315,0.43932306407733673
theta_395,0.08510265182272223,0.08128845582007313,0.41783467361523435,0.12616359243433123,0.31607318572278315,0.0012210689127577549,0.45241036743542457,0.17905765190529313,0.25294152731188835,0.44402659267255856
theta_396,0.060223602078199566,0.31303075249652434,0.011846004600532301,0.474613078003688,0.4103184874985553,0.37029263827271064,0.37784058985636715,0.2651737817645815,0.1450378803395547,0.41653803965215497
theta_397,0.012487030272365718,0.21135046183407893,0.2031846045178974,0.45820876996783133,0.12114549938227491,0.269074836494749,0.20420795199731498,0.33175723201121265,0.4889549909785284,0.4189247818072211
theta_398,0.3270613969585612,0.3480513002253109,0.15562975995309447,0.37336676000046043,0.09094312576343956,0.39416279707843516,0.17636284392349003,0.04669159477224157,0.2321648677501062,0.34241370788792747
theta_399,0.48468326431286013,0.26710431022101044,0.1965851431710841,0.4871394683148986,0.1830286666616177,0.003535589789463056,0.12600213643708158,0.18893840082812557,0.2818603173285691,0.05891592465071277
